Departement,number
ET,0.0
GEE,0.0
SEI,0.3333333333333333
TIC,0.6666666666666666
